{
  "WenZhou2000-WenZhouCity": {
    "dX": 70.875119496925,
    "dY": -77.5531820130133,
    "K": -5.19537793175484E-06,
    "Alfa": -1.42508740282871E-05,
    "A": 0,
    "B": 0,
    "C": 0,
    "D": 0,
    "L1": 120.666666667,
    "L2": 120.666666667
  },
  "Beijing1954-WenZhouCity": {
    "dX": -18.09253565,
    "dY": 15.10970948,
    "K": 4.849E-06,
    "Alfa": 0.000332974,
    "A": 0,
    "B": 0,
    "C": 0,
    "D": 0,
    "L1": 120.666666667,
    "L2": 120.666666667
  },
  "WenZhou2000-CGCS2000": {
    "dX": 0,
    "dY": 0,
    "K": 0,
    "Alfa": 0,
    "A": 0,
    "B": 0,
    "C": 0,
    "D": 0,
    "L1": 120.666666667,
    "L2": 120.666666667
  },
  "CGCS2000XY-CGCS2000": {
    "dX": 0,
    "dY": 0,
    "K": 0,
    "Alfa": 0,
    "A": 0,
    "B": 0,
    "C": 0,
    "D": 0,
    "L1": 120,
    "L2": 120
  }
}
